<?xml version="1.0" encoding="UTF-8"?>
<beans xmlns="http://www.springframework.org/schema/beans"
       xmlns:xsi="http://www.w3.org/2001/XMLSchema-instance"
	   xmlns:mvc="http://www.springframework.org/schema/mvc"
	   xmlns:context="http://www.springframework.org/schema/context"
    xsi:schemaLocation="http://www.springframework.org/schema/beans
        http://www.springframework.org/schema/beans/spring-beans-4.1.xsd
   		 http://www.springframework.org/schema/mvc
        http://www.springframework.org/schema/mvc/spring-mvc-4.1.xsd
        http://www.springframework.org/schema/context
        http://www.springframework.org/schema/context/spring-context-4.1.xsd">
	<!--基于com.eng包来进行扫描包下面的java文件，如果扫描到有Spring的相关注解的类，
	则把这些类注册为Spring的Bean-->
	<context:component-scan base-package="com.eng"/>
	<!--设置配置方案-->
	<mvc:annotation-driven/>
	<mvc:default-servlet-handler/>
	<!-- 配置数据源 -->
	<bean id="dataSource"
		  class="com.alibaba.druid.pool.DruidDataSource">
		<property name="url" value="jdbc:mysql://localhost:3306/test?useUnicode=true&amp;characterEncoding=UTF-8"/>
		<property name="username" value="root"/>
		<property name="password" value="zhujn"/>
	</bean>
	<bean id="userDaoImpl" class="com.eng.dao.daoimpl.UserDaoImpl">
		<!--只能写dataSource,别的名字不可以-->
		<property name="dataSource" ref="dataSource">
		</property>
	</bean>
	<bean class="org.springframework.web.servlet.mvc.method.annotation.RequestMappingHandlerMapping"/>
	<bean class="org.springframework.web.servlet.mvc.method.annotation.RequestMappingHandlerAdapter"/>
	<bean class="org.springframework.web.servlet.view.InternalResourceViewResolver">
		<property name="prefix" value="/WEB-INF/content/" />
		<property name="suffix" value=".jsp"></property>
	</bean>

</beans>